,ingestion time,query,composable memory retrieval time,composable memory retrieval tokens/sec,document index retrieval time,document index retrieval tokens/sec,time to final result,overall pipeline tokens/sec
0,1.1144324640044942,What do the article's authors say about if scientists predicted the COVID pandemic?,0.015235118000418879,45683.92578126825,0.01615943199431058,338254.4635185489,7.049081769000622,15.321144446776875
1,1.1144324640044942,I asked you before about what pandemic prevention methods the authors discuss. Could you answer that question again?,0.01030167100543622,78239.7340756341,0.01589601500018034,343859.7661072909,9.107727837006678,22.288764402375627
2,1.1144324640044942,What was the first question I asked you today?,0.012240622003446333,43216.75809048434,0.012433070005499758,381643.47163661534,3.964567992006778,7.81926304770182
