,Unnamed: 0,ingestion time,query,composable memory retrieval time,composable memory retrieval tokens/sec,document index retrieval time,document index retrieval tokens/sec,time to final result,overall pipeline tokens/sec
0,0,1.0302684689959278,What do the article's authors say about if scientists predicted the COVID pandemic?,0.0143983210000442,48338.96952275629,0.0175711390038486,311078.29713274515,9.331161166992388,14.681988398680476
1,1,1.0302684689959278,I asked you before about what pandemic prevention methods the authors discuss. Could you answer that question again?,0.0104685520054772,79762.70257463685,0.015277441998478,357782.4088970219,10.781336957006715,23.373724520893205
2,2,1.0302684689959278,What was the first question I asked you today?,0.0128747709968592,47146.46964579588,0.0122384280111873,444991.7910226477,3.71417066900176,9.423368799960608
