,Unnamed: 0,ingestion time,query,composable memory retrieval time,composable memory retrieval tokens/sec,document index retrieval time,document index retrieval tokens/sec,time to final result,overall pipeline tokens/sec
0,0,1.0371968429972185,What do the article's authors say about if scientists predicted the COVID pandemic?,0.0142813999991631,48734.717887657054,0.0149455440114252,364389.54619763367,8.330476095012273,13.804733209528594
1,1,1.0371968429972185,I asked you before about what pandemic prevention methods the authors discuss. Could you answer that question again?,0.0106134380039293,76601.00334114254,0.0199838070111582,273071.091857173,15.227774749000671,19.43816512123185
2,2,1.0371968429972185,What was the first question I asked you today?,0.0112887659925036,55719.11052259317,0.013079630996799,417901.6977877788,5.28115219999745,6.05928380553309
